,Name,Type,Health,Attack,Defence
0,Bulbasaur,Grass,45,49,49
1,Ivysaur,Grass,60,62,63
2,Venusaur,Grass,80,82,83
3,Venusaur,Grass,80,100,123
4,Charmander,Fire,39,52,43
5,Charmeleon,Fire,58,64,58
6,Charizard,Fire,78,84,78
7,Charizard,Fire,78,130,111
8,Charizard,Fire,78,104,78
9,Squirtle,Water,44,48,65
10,Wartortle,Water,59,63,80
11,Blastoise,Water,79,83,100
12,Blastoise,Water,79,103,120
13,Caterpie,Bug,45,30,35
14,Metapod,Bug,50,20,55
15,Butterfree,Bug,60,45,50
16,Weedle,Bug,40,35,30
17,Kakuna,Bug,45,25,50
18,Beedrill,Bug,65,90,40
19,Beedrill,Bug,65,150,40
20,Pidgey,Normal,40,45,40
21,Pidgeotto,Normal,63,60,55
22,Pidgeot,Normal,83,80,75
23,Pidgeot,Normal,83,80,80
24,Rattata,Normal,30,56,35
25,Rattata,Dark,30,56,35
26,Raticate,Normal,55,81,60
27,Raticate,Dark,75,71,70
28,Spearow,Normal,40,60,30
29,Fearow,Normal,65,90,65
30,Ekans,Poison,35,60,44
31,Arbok,Poison,60,95,69
32,Pikachu,Electric,35,55,40
33,Pikachu,Electric,45,80,50
34,Raichu,Electric,60,90,55
35,Raichu,Electric,60,85,50
36,Sandshrew,Ground,50,75,85
37,Sandshrew,Ice,50,75,90
38,Sandslash,Ground,75,100,110
39,Sandslash,Ice,75,100,120
40,Nidoran♀,Poison,55,47,52
41,Nidorina,Poison,70,62,67
42,Nidoqueen,Poison,90,92,87
43,Nidoran♂,Poison,46,57,40
44,Nidorino,Poison,61,72,57
45,Nidoking,Poison,81,102,77
46,Clefairy,Fairy,70,45,48
47,Clefable,Fairy,95,70,73
48,Vulpix,Fire,38,41,40
49,Vulpix,Ice,38,41,40
50,Ninetales,Fire,73,76,75
51,Ninetales,Ice,73,67,75
52,Jigglypuff,Normal,115,45,20
53,Wigglytuff,Normal,140,70,45
54,Zubat,Poison,40,45,35
55,Golbat,Poison,75,80,70
56,Oddish,Grass,45,50,55
57,Gloom,Grass,60,65,70
58,Vileplume,Grass,75,80,85
59,Paras,Bug,35,70,55
60,Parasect,Bug,60,95,80
61,Venonat,Bug,60,55,50
62,Venomoth,Bug,70,65,60
63,Diglett,Ground,10,55,25
64,Diglett,Ground,10,55,30
65,Dugtrio,Ground,35,100,50
66,Dugtrio,Ground,35,100,60
67,Meowth,Normal,40,45,35
68,Meowth,Dark,40,35,35
69,Meowth,Steel,50,65,55
70,Persian,Normal,65,70,60
71,Persian,Dark,65,60,60
72,Psyduck,Water,50,52,48
73,Golduck,Water,80,82,78
74,Mankey,Fighting,40,80,35
75,Primeape,Fighting,65,105,60
76,Growlithe,Fire,55,70,45
77,Growlithe,Fire,60,75,45
78,Arcanine,Fire,90,110,80
79,Arcanine,Fire,95,115,80
80,Poliwag,Water,40,50,40
81,Poliwhirl,Water,65,65,65
82,Poliwrath,Water,90,95,95
83,Abra,Psychic,25,20,15
84,Kadabra,Psychic,40,35,30
85,Alakazam,Psychic,55,50,45
86,Alakazam,Psychic,55,50,65
87,Machop,Fighting,70,80,50
88,Machoke,Fighting,80,100,70
89,Machamp,Fighting,90,130,80
90,Bellsprout,Grass,50,75,35
91,Weepinbell,Grass,65,90,50
92,Victreebel,Grass,80,105,65
93,Tentacool,Water,40,40,35
94,Tentacruel,Water,80,70,65
95,Geodude,Rock,40,80,100
96,Geodude,Rock,40,80,100
97,Graveler,Rock,55,95,115
98,Graveler,Rock,55,95,115
99,Golem,Rock,80,120,130
100,Golem,Rock,80,120,130
101,Ponyta,Fire,50,85,55
102,Ponyta,Psychic,50,85,55
103,Rapidash,Fire,65,100,70
104,Rapidash,Psychic,65,100,70
105,Slowpoke,Water,90,65,65
106,Slowpoke,Psychic,90,65,65
107,Slowbro,Water,95,75,110
108,Slowbro,Water,95,75,180
109,Slowbro,Poison,95,100,95
110,Magnemite,Electric,25,35,70
111,Magneton,Electric,50,60,95
112,Farfetch'd,Normal,52,90,55
113,Farfetch'd,Fighting,52,95,55
114,Doduo,Normal,35,85,45
115,Dodrio,Normal,60,110,70
116,Seel,Water,65,45,55
117,Dewgong,Water,90,70,80
118,Grimer,Poison,80,80,50
119,Grimer,Poison,80,80,50
120,Muk,Poison,105,105,75
121,Muk,Poison,105,105,75
122,Shellder,Water,30,65,100
123,Cloyster,Water,50,95,180
124,Gastly,Ghost,30,35,30
125,Haunter,Ghost,45,50,45
126,Gengar,Ghost,60,65,60
127,Gengar,Ghost,60,65,80
128,Onix,Rock,35,45,160
129,Drowzee,Psychic,60,48,45
130,Hypno,Psychic,85,73,70
131,Krabby,Water,30,105,90
132,Kingler,Water,55,130,115
133,Voltorb,Electric,40,30,50
134,Voltorb,Electric,40,30,50
135,Electrode,Electric,60,50,70
136,Electrode,Electric,60,50,70
137,Exeggcute,Grass,60,40,80
138,Exeggutor,Grass,95,95,85
139,Exeggutor,Grass,95,105,85
140,Cubone,Ground,50,50,95
141,Marowak,Ground,60,80,110
142,Marowak,Fire,60,80,110
143,Hitmonlee,Fighting,50,120,53
144,Hitmonchan,Fighting,50,105,79
145,Lickitung,Normal,90,55,75
146,Koffing,Poison,40,65,95
147,Weezing,Poison,65,90,120
148,Weezing,Poison,65,90,120
149,Rhyhorn,Ground,80,85,95
150,Rhydon,Ground,105,130,120
151,Chansey,Normal,250,5,5
152,Tangela,Grass,65,55,115
153,Kangaskhan,Normal,105,95,80
154,Kangaskhan,Normal,105,125,100
155,Horsea,Water,30,40,70
156,Seadra,Water,55,65,95
157,Goldeen,Water,45,67,60
158,Seaking,Water,80,92,65
159,Staryu,Water,30,45,55
160,Starmie,Water,60,75,85
161,Mr. Mime,Psychic,40,45,65
162,Mr. Mime,Ice,50,65,65
163,Scyther,Bug,70,110,80
164,Jynx,Ice,65,50,35
165,Electabuzz,Electric,65,83,57
166,Magmar,Fire,65,95,57
167,Pinsir,Bug,65,125,100
168,Pinsir,Bug,65,155,120
169,Tauros,Normal,75,100,95
170,Tauros,Fighting,75,110,105
171,Tauros,Fighting,75,110,105
172,Tauros,Fighting,75,110,105
173,Magikarp,Water,20,10,55
174,Gyarados,Water,95,125,79
175,Gyarados,Water,95,155,109
176,Lapras,Water,130,85,80
177,Ditto,Normal,48,48,48
178,Eevee,Normal,55,55,50
179,Eevee,Normal,65,75,70
180,Vaporeon,Water,130,65,60
181,Jolteon,Electric,65,65,60
182,Flareon,Fire,65,130,60
183,Porygon,Normal,65,60,70
184,Omanyte,Rock,35,40,100
185,Omastar,Rock,70,60,125
186,Kabuto,Rock,30,80,90
187,Kabutops,Rock,60,115,105
188,Aerodactyl,Rock,80,105,65
189,Aerodactyl,Rock,80,135,85
190,Snorlax,Normal,160,110,65
191,Articuno,Ice,90,85,100
192,Articuno,Psychic,90,85,85
193,Zapdos,Electric,90,90,85
194,Zapdos,Fighting,90,125,90
195,Moltres,Fire,90,100,90
196,Moltres,Dark,90,85,90
197,Dratini,Dragon,41,64,45
198,Dragonair,Dragon,61,84,65
199,Dragonite,Dragon,91,134,95
200,Mewtwo,Psychic,106,110,90
201,Mewtwo,Psychic,106,190,100
202,Mewtwo,Psychic,106,150,70
203,Mew,Psychic,100,100,100
204,Chikorita,Grass,45,49,65
205,Bayleef,Grass,60,62,80
206,Meganium,Grass,80,82,100
207,Cyndaquil,Fire,39,52,43
208,Quilava,Fire,58,64,58
209,Typhlosion,Fire,78,84,78
210,Typhlosion,Fire,73,84,78
211,Totodile,Water,50,65,64
212,Croconaw,Water,65,80,80
213,Feraligatr,Water,85,105,100
214,Sentret,Normal,35,46,34
215,Furret,Normal,85,76,64
216,Hoothoot,Normal,60,30,30
217,Noctowl,Normal,100,50,50
218,Ledyba,Bug,40,20,30
219,Ledian,Bug,55,35,50
220,Spinarak,Bug,40,60,40
221,Ariados,Bug,70,90,70
222,Crobat,Poison,85,90,80
223,Chinchou,Water,75,38,38
224,Lanturn,Water,125,58,58
225,Pichu,Electric,20,40,15
226,Cleffa,Fairy,50,25,28
227,Igglybuff,Normal,90,30,15
228,Togepi,Fairy,35,20,65
229,Togetic,Fairy,55,40,85
230,Natu,Psychic,40,50,45
231,Xatu,Psychic,65,75,70
232,Mareep,Electric,55,40,40
233,Flaaffy,Electric,70,55,55
234,Ampharos,Electric,90,75,85
235,Ampharos,Electric,90,95,105
236,Bellossom,Grass,75,80,95
237,Marill,Water,70,20,50
238,Azumarill,Water,100,50,80
239,Sudowoodo,Rock,70,100,115
240,Politoed,Water,90,75,75
241,Hoppip,Grass,35,35,40
242,Skiploom,Grass,55,45,50
243,Jumpluff,Grass,75,55,70
244,Aipom,Normal,55,70,55
245,Sunkern,Grass,30,30,30
246,Sunflora,Grass,75,75,55
247,Yanma,Bug,65,65,45
248,Wooper,Water,55,45,45
249,Wooper,Poison,55,45,45
250,Quagsire,Water,95,85,85
251,Espeon,Psychic,65,65,60
252,Umbreon,Dark,95,65,110
253,Murkrow,Dark,60,85,42
254,Slowking,Water,95,75,80
255,Slowking,Poison,95,65,80
256,Misdreavus,Ghost,60,60,60
257,Unown,Psychic,48,72,48
258,Wobbuffet,Psychic,190,33,58
259,Girafarig,Normal,70,80,65
260,Pineco,Bug,50,65,90
261,Forretress,Bug,75,90,140
262,Dunsparce,Normal,100,70,70
263,Gligar,Ground,65,75,105
264,Steelix,Steel,75,85,200
265,Steelix,Steel,75,125,230
266,Snubbull,Fairy,60,80,50
267,Granbull,Fairy,90,120,75
268,Qwilfish,Water,65,95,85
269,Qwilfish,Dark,65,95,85
270,Scizor,Bug,70,130,100
271,Scizor,Bug,70,150,140
272,Shuckle,Bug,20,10,230
273,Heracross,Bug,80,125,75
274,Heracross,Bug,80,185,115
275,Sneasel,Dark,55,95,55
276,Sneasel,Fighting,55,95,55
277,Teddiursa,Normal,60,80,50
278,Ursaring,Normal,90,130,75
279,Slugma,Fire,40,40,40
280,Magcargo,Fire,60,50,120
281,Swinub,Ice,50,50,40
282,Piloswine,Ice,100,100,80
283,Corsola,Water,65,55,95
284,Corsola,Ghost,60,55,100
285,Remoraid,Water,35,65,35
286,Octillery,Water,75,105,75
287,Delibird,Ice,45,55,45
288,Mantine,Water,85,40,70
289,Skarmory,Steel,65,80,140
290,Houndour,Dark,45,60,30
291,Houndoom,Dark,75,90,50
292,Houndoom,Dark,75,90,90
293,Kingdra,Water,75,95,95
294,Phanpy,Ground,90,60,60
295,Donphan,Ground,90,120,120
296,Porygon2,Normal,85,80,90
297,Stantler,Normal,73,95,62
298,Smeargle,Normal,55,20,35
299,Tyrogue,Fighting,35,35,35
300,Hitmontop,Fighting,50,95,95
301,Smoochum,Ice,45,30,15
302,Elekid,Electric,45,63,37
303,Magby,Fire,45,75,37
304,Miltank,Normal,95,80,105
305,Blissey,Normal,255,10,10
306,Raikou,Electric,90,85,75
307,Entei,Fire,115,115,85
308,Suicune,Water,100,75,115
309,Larvitar,Rock,50,64,50
310,Pupitar,Rock,70,84,70
311,Tyranitar,Rock,100,134,110
312,Tyranitar,Rock,100,164,150
313,Lugia,Psychic,106,90,130
314,Ho-oh,Fire,106,130,90
315,Celebi,Psychic,100,100,100
316,Treecko,Grass,40,45,35
317,Grovyle,Grass,50,65,45
318,Sceptile,Grass,70,85,65
319,Sceptile,Grass,70,110,75
320,Torchic,Fire,45,60,40
321,Combusken,Fire,60,85,60
322,Blaziken,Fire,80,120,70
323,Blaziken,Fire,80,160,80
324,Mudkip,Water,50,70,50
325,Marshtomp,Water,70,85,70
326,Swampert,Water,100,110,90
327,Swampert,Water,100,150,110
328,Poochyena,Dark,35,55,35
329,Mightyena,Dark,70,90,70
330,Zigzagoon,Normal,38,30,41
331,Zigzagoon,Dark,38,30,41
332,Linoone,Normal,78,70,61
333,Linoone,Dark,78,70,61
334,Wurmple,Bug,45,45,35
335,Silcoon,Bug,50,35,55
336,Beautifly,Bug,60,70,50
337,Cascoon,Bug,50,35,55
338,Dustox,Bug,60,50,70
339,Lotad,Water,40,30,30
340,Lombre,Water,60,50,50
341,Ludicolo,Water,80,70,70
342,Seedot,Grass,40,40,50
343,Nuzleaf,Grass,70,70,40
344,Shiftry,Grass,90,100,60
345,Taillow,Normal,40,55,30
346,Swellow,Normal,60,85,60
347,Wingull,Water,40,30,30
348,Pelipper,Water,60,50,100
349,Ralts,Psychic,28,25,25
350,Kirlia,Psychic,38,35,35
351,Gardevoir,Psychic,68,65,65
352,Gardevoir,Psychic,68,85,65
353,Surskit,Bug,40,30,32
354,Masquerain,Bug,70,60,62
355,Shroomish,Grass,60,40,60
356,Breloom,Grass,60,130,80
357,Slakoth,Normal,60,60,60
358,Vigoroth,Normal,80,80,80
359,Slaking,Normal,150,160,100
360,Nincada,Bug,31,45,90
361,Ninjask,Bug,61,90,45
362,Shedinja,Bug,1,90,45
363,Whismur,Normal,64,51,23
364,Loudred,Normal,84,71,43
365,Exploud,Normal,104,91,63
366,Makuhita,Fighting,72,60,30
367,Hariyama,Fighting,144,120,60
368,Azurill,Normal,50,20,40
369,Nosepass,Rock,30,45,135
370,Skitty,Normal,50,45,45
371,Delcatty,Normal,70,65,65
372,Sableye,Dark,50,75,75
373,Sableye,Dark,50,85,125
374,Mawile,Steel,50,85,85
375,Mawile,Steel,50,105,125
376,Aron,Steel,50,70,100
377,Lairon,Steel,60,90,140
378,Aggron,Steel,70,110,180
379,Aggron,Steel,70,140,230
380,Meditite,Fighting,30,40,55
381,Medicham,Fighting,60,60,75
382,Medicham,Fighting,60,100,85
383,Electrike,Electric,40,45,40
384,Manectric,Electric,70,75,60
385,Manectric,Electric,70,75,80
386,Plusle,Electric,60,50,40
387,Minun,Electric,60,40,50
388,Volbeat,Bug,65,73,75
389,Illumise,Bug,65,47,75
390,Roselia,Grass,50,60,45
391,Gulpin,Poison,70,43,53
392,Swalot,Poison,100,73,83
393,Carvanha,Water,45,90,20
394,Sharpedo,Water,70,120,40
395,Sharpedo,Water,70,140,70
396,Wailmer,Water,130,70,35
397,Wailord,Water,170,90,45
398,Numel,Fire,60,60,40
399,Camerupt,Fire,70,100,70
400,Camerupt,Fire,70,120,100
401,Torkoal,Fire,70,85,140
402,Spoink,Psychic,60,25,35
403,Grumpig,Psychic,80,45,65
404,Spinda,Normal,60,60,60
405,Trapinch,Ground,45,100,45
406,Vibrava,Ground,50,70,50
407,Flygon,Ground,80,100,80
408,Cacnea,Grass,50,85,40
409,Cacturne,Grass,70,115,60
410,Swablu,Normal,45,40,60
411,Altaria,Dragon,75,70,90
412,Altaria,Dragon,75,110,110
413,Zangoose,Normal,73,115,60
414,Seviper,Poison,73,100,60
415,Lunatone,Rock,90,55,65
416,Solrock,Rock,90,95,85
417,Barboach,Water,50,48,43
418,Whiscash,Water,110,78,73
419,Corphish,Water,43,80,65
420,Crawdaunt,Water,63,120,85
421,Baltoy,Ground,40,40,55
422,Claydol,Ground,60,70,105
423,Lileep,Rock,66,41,77
424,Cradily,Rock,86,81,97
425,Anorith,Rock,45,95,50
426,Armaldo,Rock,75,125,100
427,Feebas,Water,20,15,20
428,Milotic,Water,95,60,79
429,Castform,Normal,70,70,70
430,Castform,Fire,70,70,70
431,Castform,Water,70,70,70
432,Castform,Ice,70,70,70
433,Kecleon,Normal,60,90,70
434,Shuppet,Ghost,44,75,35
435,Banette,Ghost,64,115,65
436,Banette,Ghost,64,165,75
437,Duskull,Ghost,20,40,90
438,Dusclops,Ghost,40,70,130
439,Tropius,Grass,99,68,83
440,Chimecho,Psychic,75,50,80
441,Absol,Dark,65,130,60
442,Absol,Dark,65,150,60
443,Wynaut,Psychic,95,23,48
444,Snorunt,Ice,50,50,50
445,Glalie,Ice,80,80,80
446,Glalie,Ice,80,120,80
447,Spheal,Ice,70,40,50
448,Sealeo,Ice,90,60,70
449,Walrein,Ice,110,80,90
450,Clamperl,Water,35,64,85
451,Huntail,Water,55,104,105
452,Gorebyss,Water,55,84,105
453,Relicanth,Water,100,90,130
454,Luvdisc,Water,43,30,55
455,Bagon,Dragon,45,75,60
456,Shelgon,Dragon,65,95,100
457,Salamence,Dragon,95,135,80
458,Salamence,Dragon,95,145,130
459,Beldum,Steel,40,55,80
460,Metang,Steel,60,75,100
461,Metagross,Steel,80,135,130
462,Metagross,Steel,80,145,150
463,Regirock,Rock,80,100,200
464,Regice,Ice,80,50,100
465,Registeel,Steel,80,75,150
466,Latias,Dragon,80,80,90
467,Latias,Dragon,80,100,120
468,Latios,Dragon,80,90,80
469,Latios,Dragon,80,130,100
470,Kyogre,Water,100,100,90
471,Kyogre,Water,100,150,90
472,Groudon,Ground,100,150,140
473,Groudon,Ground,100,180,160
474,Rayquaza,Dragon,105,150,90
475,Rayquaza,Dragon,105,180,100
476,Jirachi,Steel,100,100,100
477,Deoxys,Psychic,50,150,50
478,Deoxys,Psychic,50,180,20
479,Deoxys,Psychic,50,70,160
480,Deoxys,Psychic,50,95,90
481,Turtwig,Grass,55,68,64
482,Grotle,Grass,75,89,85
483,Torterra,Grass,95,109,105
484,Chimchar,Fire,44,58,44
485,Monferno,Fire,64,78,52
486,Infernape,Fire,76,104,71
487,Piplup,Water,53,51,53
488,Prinplup,Water,64,66,68
489,Empoleon,Water,84,86,88
490,Starly,Normal,40,55,30
491,Staravia,Normal,55,75,50
492,Staraptor,Normal,85,120,70
493,Bidoof,Normal,59,45,40
494,Bibarel,Normal,79,85,60
495,Kricketot,Bug,37,25,41
496,Kricketune,Bug,77,85,51
497,Shinx,Electric,45,65,34
498,Luxio,Electric,60,85,49
499,Luxray,Electric,80,120,79
500,Budew,Grass,40,30,35
501,Roserade,Grass,60,70,65
502,Cranidos,Rock,67,125,40
503,Rampardos,Rock,97,165,60
504,Shieldon,Rock,30,42,118
505,Bastiodon,Rock,60,52,168
506,Burmy,Bug,40,29,45
507,Burmy,Bug,40,29,45
508,Burmy,Bug,40,29,45
509,Wormadam,Bug,60,59,85
510,Wormadam,Bug,60,79,105
511,Wormadam,Bug,60,69,95
512,Mothim,Bug,70,94,50
513,Combee,Bug,30,30,42
514,Vespiquen,Bug,70,80,102
515,Pachirisu,Electric,60,45,70
516,Buizel,Water,55,65,35
517,Floatzel,Water,85,105,55
518,Cherubi,Grass,45,35,45
519,Cherrim,Grass,70,60,70
520,Shellos,Water,76,48,48
521,Gastrodon,Water,111,83,68
522,Ambipom,Normal,75,100,66
523,Drifloon,Ghost,90,50,34
524,Drifblim,Ghost,150,80,44
525,Buneary,Normal,55,66,44
526,Lopunny,Normal,65,76,84
527,Lopunny,Normal,65,136,94
528,Mismagius,Ghost,60,60,60
529,Honchkrow,Dark,100,125,52
530,Glameow,Normal,49,55,42
531,Purugly,Normal,71,82,64
532,Chingling,Psychic,45,30,50
533,Stunky,Poison,63,63,47
534,Skuntank,Poison,103,93,67
535,Bronzor,Steel,57,24,86
536,Bronzong,Steel,67,89,116
537,Bonsly,Rock,50,80,95
538,Mime Jr.,Psychic,20,25,45
539,Happiny,Normal,100,5,5
540,Chatot,Normal,76,65,45
541,Spiritomb,Ghost,50,92,108
542,Gible,Dragon,58,70,45
543,Gabite,Dragon,68,90,65
544,Garchomp,Dragon,108,130,95
545,Garchomp,Dragon,108,170,115
546,Munchlax,Normal,135,85,40
547,Riolu,Fighting,40,70,40
548,Lucario,Fighting,70,110,70
549,Lucario,Fighting,70,145,88
550,Hippopotas,Ground,68,72,78
551,Hippowdon,Ground,108,112,118
552,Skorupi,Poison,40,50,90
553,Drapion,Poison,70,90,110
554,Croagunk,Poison,48,61,40
555,Toxicroak,Poison,83,106,65
556,Carnivine,Grass,74,100,72
557,Finneon,Water,49,49,56
558,Lumineon,Water,69,69,76
559,Mantyke,Water,45,20,50
560,Snover,Grass,60,62,50
561,Abomasnow,Grass,90,92,75
562,Abomasnow,Grass,90,132,105
563,Weavile,Dark,70,120,65
564,Magnezone,Electric,70,70,115
565,Lickilicky,Normal,110,85,95
566,Rhyperior,Ground,115,140,130
567,Tangrowth,Grass,100,100,125
568,Electivire,Electric,75,123,67
569,Magmortar,Fire,75,95,67
570,Togekiss,Fairy,85,50,95
571,Yanmega,Bug,86,76,86
572,Leafeon,Grass,65,110,130
573,Glaceon,Ice,65,60,110
574,Gliscor,Ground,75,95,125
575,Mamoswine,Ice,110,130,80
576,Porygon-Z,Normal,85,80,70
577,Gallade,Psychic,68,125,65
578,Gallade,Psychic,68,165,95
579,Probopass,Rock,60,55,145
580,Dusknoir,Ghost,45,100,135
581,Froslass,Ice,70,80,70
582,Rotom,Electric,50,50,77
583,Rotom,Electric,50,65,107
584,Rotom,Electric,50,65,107
585,Rotom,Electric,50,65,107
586,Rotom,Electric,50,65,107
587,Rotom,Electric,50,65,107
588,Uxie,Psychic,75,75,130
589,Mesprit,Psychic,80,105,105
590,Azelf,Psychic,75,125,70
591,Dialga,Steel,100,120,120
592,Dialga,Steel,100,100,120
593,Palkia,Water,90,120,100
594,Palkia,Water,90,100,100
595,Heatran,Fire,91,90,106
596,Regigigas,Normal,110,160,110
597,Giratina,Ghost,150,100,120
598,Giratina,Ghost,150,120,100
599,Cresselia,Psychic,120,70,110
600,Phione,Water,80,80,80
601,Manaphy,Water,100,100,100
602,Darkrai,Dark,70,90,90
603,Shaymin,Grass,100,100,100
604,Shaymin,Grass,100,103,75
605,Arceus,Normal,120,120,120
606,Victini,Psychic,100,100,100
607,Snivy,Grass,45,45,55
608,Servine,Grass,60,60,75
609,Serperior,Grass,75,75,95
610,Tepig,Fire,65,63,45
611,Pignite,Fire,90,93,55
612,Emboar,Fire,110,123,65
613,Oshawott,Water,55,55,45
614,Dewott,Water,75,75,60
615,Samurott,Water,95,100,85
616,Samurott,Water,90,108,80
617,Patrat,Normal,45,55,39
618,Watchog,Normal,60,85,69
619,Lillipup,Normal,45,60,45
620,Herdier,Normal,65,80,65
621,Stoutland,Normal,85,110,90
622,Purrloin,Dark,41,50,37
623,Liepard,Dark,64,88,50
624,Pansage,Grass,50,53,48
625,Simisage,Grass,75,98,63
626,Pansear,Fire,50,53,48
627,Simisear,Fire,75,98,63
628,Panpour,Water,50,53,48
629,Simipour,Water,75,98,63
630,Munna,Psychic,76,25,45
631,Musharna,Psychic,116,55,85
632,Pidove,Normal,50,55,50
633,Tranquill,Normal,62,77,62
634,Unfezant,Normal,80,115,80
635,Blitzle,Electric,45,60,32
636,Zebstrika,Electric,75,100,63
637,Roggenrola,Rock,55,75,85
638,Boldore,Rock,70,105,105
639,Gigalith,Rock,85,135,130
640,Woobat,Psychic,65,45,43
641,Swoobat,Psychic,67,57,55
642,Drilbur,Ground,60,85,40
643,Excadrill,Ground,110,135,60
644,Audino,Normal,103,60,86
645,Audino,Normal,103,60,126
646,Timburr,Fighting,75,80,55
647,Gurdurr,Fighting,85,105,85
648,Conkeldurr,Fighting,105,140,95
649,Tympole,Water,50,50,40
650,Palpitoad,Water,75,65,55
651,Seismitoad,Water,105,95,75
652,Throh,Fighting,120,100,85
653,Sawk,Fighting,75,125,75
654,Sewaddle,Bug,45,53,70
655,Swadloon,Bug,55,63,90
656,Leavanny,Bug,75,103,80
657,Venipede,Bug,30,45,59
658,Whirlipede,Bug,40,55,99
659,Scolipede,Bug,60,100,89
660,Cottonee,Grass,40,27,60
661,Whimsicott,Grass,60,67,85
662,Petilil,Grass,45,35,50
663,Lilligant,Grass,70,60,75
664,Lilligant,Grass,70,105,75
665,Basculin,Water,70,92,65
666,Basculin,Water,70,92,65
667,Basculin,Water,70,92,65
668,Sandile,Ground,50,72,35
669,Krokorok,Ground,60,82,45
670,Krookodile,Ground,95,117,80
671,Darumaka,Fire,70,90,45
672,Darumaka,Ice,70,90,45
673,Darmanitan,Fire,105,140,55
674,Darmanitan,Fire,105,30,105
675,Darmanitan,Ice,105,140,55
676,Darmanitan,Ice,105,160,55
677,Maractus,Grass,75,86,67
678,Dwebble,Bug,50,65,85
679,Crustle,Bug,70,105,125
680,Scraggy,Dark,50,75,70
681,Scrafty,Dark,65,90,115
682,Sigilyph,Psychic,72,58,80
683,Yamask,Ghost,38,30,85
684,Yamask,Ground,38,55,85
685,Cofagrigus,Ghost,58,50,145
686,Tirtouga,Water,54,78,103
687,Carracosta,Water,74,108,133
688,Archen,Rock,55,112,45
689,Archeops,Rock,75,140,65
690,Trubbish,Poison,50,50,62
691,Garbodor,Poison,80,95,82
692,Zorua,Dark,40,65,40
693,Zorua,Normal,35,60,40
694,Zoroark,Dark,60,105,60
695,Zoroark,Normal,55,100,60
696,Minccino,Normal,55,50,40
697,Cinccino,Normal,75,95,60
698,Gothita,Psychic,45,30,50
699,Gothorita,Psychic,60,45,70
700,Gothitelle,Psychic,70,55,95
701,Solosis,Psychic,45,30,40
702,Duosion,Psychic,65,40,50
703,Reuniclus,Psychic,110,65,75
704,Ducklett,Water,62,44,50
705,Swanna,Water,75,87,63
706,Vanillite,Ice,36,50,50
707,Vanillish,Ice,51,65,65
708,Vanilluxe,Ice,71,95,85
709,Deerling,Normal,60,60,50
710,Sawsbuck,Normal,80,100,70
711,Emolga,Electric,55,75,60
712,Karrablast,Bug,50,75,45
713,Escavalier,Bug,70,135,105
714,Foongus,Grass,69,55,45
715,Amoonguss,Grass,114,85,70
716,Frillish,Water,55,40,50
717,Jellicent,Water,100,60,70
718,Alomomola,Water,165,75,80
719,Joltik,Bug,50,47,50
720,Galvantula,Bug,70,77,60
721,Ferroseed,Grass,44,50,91
722,Ferrothorn,Grass,74,94,131
723,Klink,Steel,40,55,70
724,Klang,Steel,60,80,95
725,Klinklang,Steel,60,100,115
726,Tynamo,Electric,35,55,40
727,Eelektrik,Electric,65,85,70
728,Eelektross,Electric,85,115,80
729,Elgyem,Psychic,55,55,55
730,Beheeyem,Psychic,75,75,75
731,Litwick,Ghost,50,30,55
732,Lampent,Ghost,60,40,60
733,Chandelure,Ghost,60,55,90
734,Axew,Dragon,46,87,60
735,Fraxure,Dragon,66,117,70
736,Haxorus,Dragon,76,147,90
737,Cubchoo,Ice,55,70,40
738,Beartic,Ice,95,130,80
739,Cryogonal,Ice,80,50,50
740,Shelmet,Bug,50,40,85
741,Accelgor,Bug,80,70,40
742,Stunfisk,Ground,109,66,84
743,Stunfisk,Ground,109,81,99
744,Mienfoo,Fighting,45,85,50
745,Mienshao,Fighting,65,125,60
746,Druddigon,Dragon,77,120,90
747,Golett,Ground,59,74,50
748,Golurk,Ground,89,124,80
749,Pawniard,Dark,45,85,70
750,Bisharp,Dark,65,125,100
751,Bouffalant,Normal,95,110,95
752,Rufflet,Normal,70,83,50
753,Braviary,Normal,100,123,75
754,Braviary,Psychic,110,83,70
755,Vullaby,Dark,70,55,75
756,Mandibuzz,Dark,110,65,105
757,Heatmor,Fire,85,97,66
758,Durant,Bug,58,109,112
759,Deino,Dark,52,65,50
760,Zweilous,Dark,72,85,70
761,Hydreigon,Dark,92,105,90
762,Larvesta,Bug,55,85,55
763,Volcarona,Bug,85,60,65
764,Cobalion,Steel,91,90,129
765,Terrakion,Rock,91,129,90
766,Virizion,Grass,91,90,72
767,Tornadus,Flying,79,115,70
768,Tornadus,Flying,79,100,80
769,Thundurus,Electric,79,115,70
770,Thundurus,Electric,79,105,70
771,Reshiram,Dragon,100,120,100
772,Zekrom,Dragon,100,150,120
773,Landorus,Ground,89,125,90
774,Landorus,Ground,89,145,90
775,Kyurem,Dragon,125,130,90
776,Kyurem,Dragon,125,120,90
777,Kyurem,Dragon,125,170,100
778,Keldeo,Water,91,72,90
779,Keldeo,Water,91,72,90
780,Meloetta,Normal,100,77,77
781,Meloetta,Normal,100,128,90
782,Genesect,Bug,71,120,95
783,Chespin,Grass,56,61,65
784,Quilladin,Grass,61,78,95
785,Chesnaught,Grass,88,107,122
786,Fennekin,Fire,40,45,40
787,Braixen,Fire,59,59,58
788,Delphox,Fire,75,69,72
789,Froakie,Water,41,56,40
790,Frogadier,Water,54,63,52
791,Greninja,Water,72,95,67
792,Greninja,Water,72,145,67
793,Bunnelby,Normal,38,36,38
794,Diggersby,Normal,85,56,77
795,Fletchling,Normal,45,50,43
796,Fletchinder,Fire,62,73,55
797,Talonflame,Fire,78,81,71
798,Scatterbug,Bug,38,35,40
799,Spewpa,Bug,45,22,60
800,Vivillon,Bug,80,52,50
801,Litleo,Fire,62,50,58
802,Pyroar,Fire,86,68,72
803,Flabébé,Fairy,44,38,39
804,Floette,Fairy,54,45,47
805,Florges,Fairy,78,65,68
806,Skiddo,Grass,66,65,48
807,Gogoat,Grass,123,100,62
808,Pancham,Fighting,67,82,62
809,Pangoro,Fighting,95,124,78
810,Furfrou,Normal,75,80,60
811,Espurr,Psychic,62,48,54
812,Meowstic,Psychic,74,48,76
813,Meowstic,Psychic,74,48,76
814,Honedge,Steel,45,80,100
815,Doublade,Steel,59,110,150
816,Aegislash,Steel,60,50,140
817,Aegislash,Steel,60,140,50
818,Spritzee,Fairy,78,52,60
819,Aromatisse,Fairy,101,72,72
820,Swirlix,Fairy,62,48,66
821,Slurpuff,Fairy,82,80,86
822,Inkay,Dark,53,54,53
823,Malamar,Dark,86,92,88
824,Binacle,Rock,42,52,67
825,Barbaracle,Rock,72,105,115
826,Skrelp,Poison,50,60,60
827,Dragalge,Poison,65,75,90
828,Clauncher,Water,50,53,62
829,Clawitzer,Water,71,73,88
830,Helioptile,Electric,44,38,33
831,Heliolisk,Electric,62,55,52
832,Tyrunt,Rock,58,89,77
833,Tyrantrum,Rock,82,121,119
834,Amaura,Rock,77,59,50
835,Aurorus,Rock,123,77,72
836,Sylveon,Fairy,95,65,65
837,Hawlucha,Fighting,78,92,75
838,Dedenne,Electric,67,58,57
839,Carbink,Rock,50,50,150
840,Goomy,Dragon,45,50,35
841,Sliggoo,Dragon,68,75,53
842,Sliggoo,Steel,58,75,83
843,Goodra,Dragon,90,100,70
844,Goodra,Steel,80,100,100
845,Klefki,Steel,57,80,91
846,Phantump,Ghost,43,70,48
847,Trevenant,Ghost,85,110,76
848,Pumpkaboo,Ghost,49,66,70
849,Pumpkaboo,Ghost,44,66,70
850,Pumpkaboo,Ghost,54,66,70
851,Pumpkaboo,Ghost,59,66,70
852,Gourgeist,Ghost,65,90,122
853,Gourgeist,Ghost,55,85,122
854,Gourgeist,Ghost,75,95,122
855,Gourgeist,Ghost,85,100,122
856,Bergmite,Ice,55,69,85
857,Avalugg,Ice,95,117,184
858,Avalugg,Ice,95,127,184
859,Noibat,Flying,40,30,35
860,Noivern,Flying,85,70,80
861,Xerneas,Fairy,126,131,95
862,Yveltal,Dark,126,131,95
863,Zygarde,Dragon,108,100,121
864,Zygarde,Dragon,54,100,71
865,Zygarde,Dragon,216,100,121
866,Diancie,Rock,50,100,150
867,Diancie,Rock,50,160,110
868,Hoopa,Psychic,80,110,60
869,Hoopa,Psychic,80,160,60
870,Volcanion,Fire,80,110,120
871,Rowlet,Grass,68,55,55
872,Dartrix,Grass,78,75,75
873,Decidueye,Grass,78,107,75
874,Decidueye,Grass,88,112,80
875,Litten,Fire,45,65,40
876,Torracat,Fire,65,85,50
877,Incineroar,Fire,95,115,90
878,Popplio,Water,50,54,54
879,Brionne,Water,60,69,69
880,Primarina,Water,80,74,74
881,Pikipek,Normal,35,75,30
882,Trumbeak,Normal,55,85,50
883,Toucannon,Normal,80,120,75
884,Yungoos,Normal,48,70,30
885,Gumshoos,Normal,88,110,60
886,Grubbin,Bug,47,62,45
887,Charjabug,Bug,57,82,95
888,Vikavolt,Bug,77,70,90
889,Crabrawler,Fighting,47,82,57
890,Crabominable,Fighting,97,132,77
891,Oricorio,Fire,75,70,70
892,Oricorio,Electric,75,70,70
893,Oricorio,Psychic,75,70,70
894,Oricorio,Ghost,75,70,70
895,Cutiefly,Bug,40,45,40
896,Ribombee,Bug,60,55,60
897,Rockruff,Rock,45,65,40
898,Rockruff,Rock,45,65,40
899,Lycanroc,Rock,75,115,65
900,Lycanroc,Rock,85,115,75
901,Lycanroc,Rock,75,117,65
902,Wishiwashi,Water,45,20,20
903,Wishiwashi,Water,45,140,130
904,Mareanie,Poison,50,53,62
905,Toxapex,Poison,50,63,152
906,Mudbray,Ground,70,100,70
907,Mudsdale,Ground,100,125,100
908,Dewpider,Water,38,40,52
909,Araquanid,Water,68,70,92
910,Fomantis,Grass,40,55,35
911,Lurantis,Grass,70,105,90
912,Morelull,Grass,40,35,55
913,Shiinotic,Grass,60,45,80
914,Salandit,Poison,48,44,40
915,Salazzle,Poison,68,64,60
916,Stufful,Normal,70,75,50
917,Bewear,Normal,120,125,80
918,Bounsweet,Grass,42,30,38
919,Steenee,Grass,52,40,48
920,Tsareena,Grass,72,120,98
921,Comfey,Fairy,51,52,90
922,Oranguru,Normal,90,60,80
923,Passimian,Fighting,100,120,90
924,Wimpod,Bug,25,35,40
925,Golisopod,Bug,75,125,140
926,Sandygast,Ghost,55,55,80
927,Palossand,Ghost,85,75,110
928,Pyukumuku,Water,55,60,130
929,Type: Null,Normal,95,95,95
930,Silvally,Normal,95,95,95
931,Minior,Rock,60,60,100
932,Minior,Rock,60,100,60
933,Komala,Normal,65,115,65
934,Turtonator,Fire,60,78,135
935,Togedemaru,Electric,65,98,63
936,Mimikyu,Ghost,55,90,80
937,Bruxish,Water,68,105,70
938,Drampa,Normal,78,60,85
939,Dhelmise,Ghost,70,131,100
940,Jangmo-o,Dragon,45,55,65
941,Hakamo-o,Dragon,55,75,90
942,Kommo-o,Dragon,75,110,125
943,Tapu Koko,Electric,70,115,85
944,Tapu Lele,Psychic,70,85,75
945,Tapu Bulu,Grass,70,130,115
946,Tapu Fini,Water,70,75,115
947,Cosmog,Psychic,43,29,31
948,Cosmoem,Psychic,43,29,131
949,Solgaleo,Psychic,137,137,107
950,Lunala,Psychic,137,113,89
951,Nihilego,Rock,109,53,47
952,Buzzwole,Bug,107,139,139
953,Pheromosa,Bug,71,137,37
954,Xurkitree,Electric,83,89,71
955,Celesteela,Steel,97,101,103
956,Kartana,Grass,59,181,131
957,Guzzlord,Dark,223,101,53
958,Necrozma,Psychic,97,107,101
959,Necrozma,Psychic,97,157,127
960,Necrozma,Psychic,97,113,109
961,Necrozma,Psychic,97,167,97
962,Magearna,Steel,80,95,115
963,Marshadow,Fighting,90,125,80
964,Poipole,Poison,67,73,67
965,Naganadel,Poison,73,73,73
966,Stakataka,Rock,61,131,211
967,Blacephalon,Fire,53,127,53
968,Zeraora,Electric,88,112,75
969,Meltan,Steel,46,65,65
970,Melmetal,Steel,135,143,143
971,Grookey,Grass,50,65,50
972,Thwackey,Grass,70,85,70
973,Rillaboom,Grass,100,125,90
974,Scorbunny,Fire,50,71,40
975,Raboot,Fire,65,86,60
976,Cinderace,Fire,80,116,75
977,Sobble,Water,50,40,40
978,Drizzile,Water,65,60,55
979,Inteleon,Water,70,85,65
980,Skwovet,Normal,70,55,55
981,Greedent,Normal,120,95,95
982,Rookidee,Flying,38,47,35
983,Corvisquire,Flying,68,67,55
984,Corviknight,Flying,98,87,105
985,Blipbug,Bug,25,20,20
986,Dottler,Bug,50,35,80
987,Orbeetle,Bug,60,45,110
988,Nickit,Dark,40,28,28
989,Thievul,Dark,70,58,58
990,Gossifleur,Grass,40,40,60
991,Eldegoss,Grass,60,50,90
992,Wooloo,Normal,42,40,55
993,Dubwool,Normal,72,80,100
994,Chewtle,Water,50,64,50
995,Drednaw,Water,90,115,90
996,Yamper,Electric,59,45,50
997,Boltund,Electric,69,90,60
998,Rolycoly,Rock,30,40,50
999,Carkol,Rock,80,60,90
1000,Coalossal,Rock,110,80,120
1001,Applin,Grass,40,40,80
1002,Flapple,Grass,70,110,80
1003,Appletun,Grass,110,85,80
1004,Silicobra,Ground,52,57,75
1005,Sandaconda,Ground,72,107,125
1006,Cramorant,Flying,70,85,55
1007,Arrokuda,Water,41,63,40
1008,Barraskewda,Water,61,123,60
1009,Toxel,Electric,40,38,35
1010,Toxtricity,Electric,75,98,70
1011,Toxtricity,Electric,75,98,70
1012,Sizzlipede,Fire,50,65,45
1013,Centiskorch,Fire,100,115,65
1014,Clobbopus,Fighting,50,68,60
1015,Grapploct,Fighting,80,118,90
1016,Sinistea,Ghost,40,45,45
1017,Polteageist,Ghost,60,65,65
1018,Hatenna,Psychic,42,30,45
1019,Hattrem,Psychic,57,40,65
1020,Hatterene,Psychic,57,90,95
1021,Impidimp,Dark,45,45,30
1022,Morgrem,Dark,65,60,45
1023,Grimmsnarl,Dark,95,120,65
1024,Obstagoon,Dark,93,90,101
1025,Perrserker,Steel,70,110,100
1026,Cursola,Ghost,60,95,50
1027,Sirfetch'd,Fighting,62,135,95
1028,Mr. Rime,Ice,80,85,75
1029,Runerigus,Ground,58,95,145
1030,Milcery,Fairy,45,40,40
1031,Alcremie,Fairy,65,60,75
1032,Falinks,Fighting,65,100,100
1033,Pincurchin,Electric,48,101,95
1034,Snom,Ice,30,25,35
1035,Frosmoth,Ice,70,65,60
1036,Stonjourner,Rock,100,125,135
1037,Eiscue,Ice,75,80,110
1038,Eiscue,Ice,75,80,70
1039,Indeedee,Psychic,60,65,55
1040,Indeedee,Psychic,70,55,65
1041,Morpeko,Electric,58,95,58
1042,Morpeko,Electric,58,95,58
1043,Cufant,Steel,72,80,49
1044,Copperajah,Steel,122,130,69
1045,Dracozolt,Electric,90,100,90
1046,Arctozolt,Electric,90,100,90
1047,Dracovish,Water,90,90,100
1048,Arctovish,Water,90,90,100
1049,Duraludon,Steel,70,95,115
1050,Dreepy,Dragon,28,60,30
1051,Drakloak,Dragon,68,80,50
1052,Dragapult,Dragon,88,120,75
1053,Zacian,Fairy,92,120,115
1054,Zacian,Fairy,92,150,115
1055,Zamazenta,Fighting,92,120,115
1056,Zamazenta,Fighting,92,120,140
1057,Eternatus,Poison,140,85,95
1058,Eternatus,Poison,255,115,250
1059,Kubfu,Fighting,60,90,60
1060,Urshifu,Fighting,100,130,100
1061,Urshifu,Fighting,100,130,100
1062,Zarude,Dark,105,120,105
1063,Regieleki,Electric,80,100,50
1064,Regidrago,Dragon,200,100,50
1065,Glastrier,Ice,100,145,130
1066,Spectrier,Ghost,100,65,60
1067,Calyrex,Psychic,100,80,80
1068,Calyrex,Psychic,100,165,150
1069,Calyrex,Psychic,100,85,80
1070,Wyrdeer,Normal,103,105,72
1071,Kleavor,Bug,70,135,95
1072,Ursaluna,Ground,130,140,105
1073,Ursaluna,Ground,113,70,120
1074,Basculegion,Water,120,112,65
1075,Basculegion,Water,120,92,65
1076,Sneasler,Fighting,80,130,60
1077,Overqwil,Dark,85,115,95
1078,Enamorus,Fairy,74,115,70
1079,Enamorus,Fairy,74,115,110
1080,Sprigatito,Grass,40,61,54
1081,Floragato,Grass,61,80,63
1082,Meowscarada,Grass,76,110,70
1083,Fuecoco,Fire,67,45,59
1084,Crocalor,Fire,81,55,78
1085,Skeledirge,Fire,104,75,100
1086,Quaxly,Water,55,65,45
1087,Quaxwell,Water,70,85,65
1088,Quaquaval,Water,85,120,80
1089,Lechonk,Normal,54,45,40
1090,Oinkologne,Normal,110,100,75
1091,Oinkologne,Normal,115,90,70
1092,Tarountula,Bug,35,41,45
1093,Spidops,Bug,60,79,92
1094,Nymble,Bug,33,46,40
1095,Lokix,Bug,71,102,78
1096,Pawmi,Electric,45,50,20
1097,Pawmo,Electric,60,75,40
1098,Pawmot,Electric,70,115,70
1099,Tandemaus,Normal,50,50,45
1100,Maushold,Normal,74,75,70
1101,Maushold,Normal,74,75,70
1102,Fidough,Fairy,37,55,70
1103,Dachsbun,Fairy,57,80,115
1104,Smoliv,Grass,41,35,45
1105,Dolliv,Grass,52,53,60
1106,Arboliva,Grass,78,69,90
1107,Squawkabilly,Normal,82,96,51
1108,Squawkabilly,Normal,82,96,51
1109,Squawkabilly,Normal,82,96,51
1110,Squawkabilly,Normal,82,96,51
1111,Nacli,Rock,55,55,75
1112,Naclstack,Rock,60,60,100
1113,Garganacl,Rock,100,100,130
1114,Charcadet,Fire,40,50,40
1115,Armarouge,Fire,85,60,100
1116,Ceruledge,Fire,75,125,80
1117,Tadbulb,Electric,61,31,41
1118,Bellibolt,Electric,109,64,91
1119,Wattrel,Electric,40,40,35
1120,Kilowattrel,Electric,70,70,60
1121,Maschiff,Dark,60,78,60
1122,Mabosstiff,Dark,80,120,90
1123,Shroodle,Poison,40,65,35
1124,Grafaiai,Poison,63,95,65
1125,Bramblin,Grass,40,65,30
1126,Brambleghast,Grass,55,115,70
1127,Toedscool,Ground,40,40,35
1128,Toedscruel,Ground,80,70,65
1129,Klawf,Rock,70,100,115
1130,Capsakid,Grass,50,62,40
1131,Scovillain,Grass,65,108,65
1132,Rellor,Bug,41,50,60
1133,Rabsca,Bug,75,50,85
1134,Flittle,Psychic,30,35,30
1135,Espathra,Psychic,95,60,60
1136,Tinkatink,Fairy,50,45,45
1137,Tinkatuff,Fairy,65,55,55
1138,Tinkaton,Fairy,85,75,77
1139,Wiglett,Water,10,55,25
1140,Wugtrio,Water,35,100,50
1141,Bombirdier,Flying,70,103,85
1142,Finizen,Water,70,45,40
1143,Palafin,Water,100,70,72
1144,Palafin,Water,100,160,97
1145,Varoom,Steel,45,70,63
1146,Revavroom,Steel,80,119,90
1147,Cyclizar,Dragon,70,95,65
1148,Orthworm,Steel,70,85,145
1149,Glimmet,Rock,48,35,42
1150,Glimmora,Rock,83,55,90
1151,Greavard,Ghost,50,61,60
1152,Houndstone,Ghost,72,101,100
1153,Flamigo,Flying,82,115,74
1154,Cetoddle,Ice,108,68,45
1155,Cetitan,Ice,170,113,65
1156,Veluza,Water,90,102,73
1157,Dondozo,Water,150,100,115
1158,Tatsugiri,Dragon,68,50,60
1159,Tatsugiri,Dragon,68,50,60
1160,Tatsugiri,Dragon,68,50,60
1161,Annihilape,Fighting,110,115,80
1162,Clodsire,Poison,130,75,60
1163,Farigiraf,Normal,120,90,70
1164,Dudunsparce,Normal,125,100,80
1165,Dudunsparce,Normal,125,100,80
1166,Kingambit,Dark,100,135,120
1167,Great Tusk,Ground,115,131,131
1168,Scream Tail,Fairy,115,65,99
1169,Brute Bonnet,Grass,111,127,99
1170,Flutter Mane,Ghost,55,55,55
1171,Slither Wing,Bug,85,135,79
1172,Sandy Shocks,Electric,85,81,97
1173,Iron Treads,Ground,90,112,120
1174,Iron Bundle,Ice,56,80,114
1175,Iron Hands,Fighting,154,140,108
1176,Iron Jugulis,Dark,94,80,86
1177,Iron Moth,Fire,80,70,60
1178,Iron Thorns,Rock,100,134,110
1179,Frigibax,Dragon,65,75,45
1180,Arctibax,Dragon,90,95,66
1181,Baxcalibur,Dragon,115,145,92
1182,Gimmighoul,Ghost,45,30,70
1183,Gimmighoul,Ghost,45,30,25
1184,Gholdengo,Steel,87,60,95
1185,Wo-Chien,Dark,85,85,100
1186,Chien-Pao,Dark,80,120,80
1187,Ting-Lu,Dark,155,110,125
1188,Chi-Yu,Dark,55,80,80
1189,Roaring Moon,Dragon,105,139,71
1190,Iron Valiant,Fairy,74,130,90
1191,Koraidon,Fighting,100,135,115
1192,Miraidon,Electric,100,85,100
1193,Walking Wake,Water,99,83,91
1194,Iron Leaves,Grass,90,130,88
1195,Dipplin,Grass,80,80,110
1196,Poltchageist,Grass,40,45,45
1197,Sinistcha,Grass,71,60,106
1198,Okidogi,Poison,88,128,115
1199,Munkidori,Poison,88,75,66
1200,Fezandipiti,Poison,88,91,82
1201,Ogerpon,Grass,80,120,84
1202,Ogerpon,Grass,80,120,84
1203,Ogerpon,Grass,80,120,84
1204,Ogerpon,Grass,80,120,84
1205,Archaludon,Steel,90,105,130
1206,Hydrapple,Grass,106,80,110
1207,Gouging Fire,Fire,105,115,121
1208,Raging Bolt,Electric,125,73,91
1209,Iron Boulder,Rock,90,120,80
1210,Iron Crown,Steel,90,72,100
1211,Terapagos,Normal,90,65,85
1212,Terapagos,Normal,95,95,110
1213,Terapagos,Normal,160,105,110
1214,Pecharunt,Poison,88,88,160
